{"model_accuracy": 0.946, "model_precision": 0.955126984126984, "model_recall": 0.946, "model_f1": 0.945440836940837}