{"model_accuracy": 0.866, "model_precision": 0.8966587301587302, "model_recall": 0.866, "model_f1": 0.8636719946719946}