{"model_accuracy": 0.7995686079309773, "model_precision": 0.7951752962219488, "model_recall": 0.7995686079309773, "model_f1": 0.7961304636137888}