{"model_accuracy": 0.924, "model_precision": 0.9382738095238097, "model_recall": 0.924, "model_f1": 0.9195393495393496}