{"model_accuracy": 0.898, "model_precision": 0.9228452380952382, "model_recall": 0.898, "model_f1": 0.8957960519013151}