{"model_accuracy":0.8065372490459598,"model_precision":0.8017876618087211,"model_recall":0.8065372490459598,"model_f1":0.8030201489061383}