{"model_accuracy": 0.7437531110004978, "model_precision": 0.738336071748765, "model_recall": 0.7437531110004978, "model_f1": 0.7388202769493758}