{"model_accuracy": 0.684, "model_precision": 0.6976587301587301, "model_recall": 0.684, "model_f1": 0.6645983036571274}